FOC1,FOC2,FOC3
674.9799805,693.8699951,1032.829956
671.0800171,711.5200195,1061.98999
661.25,700.1400146,1045.77002
665.8300171,696.1699829,1045.900024
660.7800293,696.1799927,1046.449951
919.3400269,692.1599731,1041.47998
1077.219971,682,1044.75
1068.790039,704.4199829,1040.800049
1116.619995,699.8400269,1039.079956
1093.01001,698.0499878,1039.410034
1100.400024,701.0300293,1032
1074.920044,702.9699707,1034.5
1087.410034,701.5200195,1031.839966
1082.069946,689,1032.609985
1076.02002,684.4699707,1031.579956
1075.140015,682.5999756,1041.670044
1072.5,685.8900146,1036.420044
1072.119995,697.789978,1028.329956
1080.160034,684.8599854,1033.609985
1076.390015,685.7399902,1033.109985
1086.390015,699.8599854,1013.320007
1081.280029,690.1300049,996.960022
1087.150024,698.1099854,1030.780029
1060.48999,690.0700073,1016.429993
1076.459961,694.289978,1046.25
1074.439941,711.8400269,1034.400024
1092.77002,696.1900024,1037.030029
1072.839966,691.2700195,1026.660034
1085.359985,465.3999939,1016.109985
1076.48999,472.5700073,1029.030029
1103.719971,473.9299927,1006.210022
1086.26001,465.4400024,1002.690002
1077.069946,472.2799988,1030.140015
1079.040039,459.4100037,1027.77002
1114.98999,471.7999878,1018.380005
1077.819946,463.269989,1046.579956
1051.180054,491.0499878,1043.810059
1085.839966,484.2399902,1040.670044
1060.810059,470.5700073,1036.949951
1085.780029,456.269989,1025.829956
1083.880005,484.8900146,1029.449951
1077.98999,469.9700012,1029.48999
1101.01001,448.2399902,1025
1083.170044,470.7099915,1024.060059
1087.52002,483.6400146,1012.950012
1087.910034,479.5899963,1023.609985
1089.349976,483,1039.449951
1087.650024,477.1900024,1017.650024
1101.839966,475.730011,1022.27002
1081.550049,490.8299866,1026.199951
1093.689941,767.7299805,1004.26001
1066.699951,502.6099854,1030.780029
1096.609985,471.0899963,1017.859985
1086.170044,469.9400024,1030.060059
1070.910034,1139.619995,1032.719971
1087.23999,971.9899902,1037.859985
1078.170044,951.4400024,1039.52002
1065.699951,977.3300171,1021.419983
1070.939941,979.1099854,1038.709961
1093.550049,999.9400024,1047.26001
1072.76001,987.3599854,1021.090027
1061.48999,983.8900146,1035.569946
1073.619995,996.289978,1014.070007
1073.920044,989.7600098,1029.900024
1086.780029,952.3300171,1039.079956
1096.540039,951.8499756,1027.699951
1103.449951,982.0999756,1012.169983
1064.329956,963.8900146,1025.5
1074.310059,991.2999878,1033.26001
1084.869995,967.4099731,1044.530029
1092.73999,983.5200195,1026.810059
1094.359985,952.0100098,1023.869995
1061.810059,962.8499756,1036.880005
1081.119995,933.5700073,1036.180054
1058.77002,897.4699707,1029.339966
1089.02002,704.0999756,1015.090027
1092.079956,705.039978,1033.76001
1060.089966,727.0599976,1022.72998
1059.530029,716.3599854,1019.98999
1063.26001,725.6199951,1018.909973
1069.180054,469.8699951,1034.73999
1082.849976,462.1199951,1035.310059
1083.400024,461.9599915,1027.920044
1094.040039,466.5599976,1035.400024
1099.199951,742.7800293,1026.530029
1076.359985,868.8900146,1029.400024
1068.119995,831.8800049,1016.119995
1089.219971,857.8699951,1032.109985
1078.060059,1031.670044,1024.680054
1076.619995,1204.640015,1023.940002
1077.099976,1213.640015,1000.590027
1090.380005,1193.819946,1017.619995
1092.27002,1196.5,1028.160034
1091.040039,1202.550049,1033.939941
1079.449951,1201.73999,1039.430054
1079.800049,1178.589966,1034.199951
1083.380005,1185.180054,1034.680054
1085.780029,1201.050049,1036.829956
1068.869995,1184.119995,1025.219971
1056.349976,1184.439941,1030.119995
1070.319946,1196.160034,1023.320007
1061.98999,1182.540039,1039.689941
1090.829956,1179.329956,1020.590027
1079.380005,1177.420044,1021.950012
1082.310059,1200.910034,1018.669983
1086.359985,1210.530029,1037.790039
1070.359985,1210.660034,1054.949951
1066.640015,1211.01001,1027
1081.130005,1197.640015,1016.059998
1064.890015,1199.23999,1033.219971
1066.790039,1196.880005,1055.949951
1075.859985,1205.119995,1059.420044
1072.530029,1199.209961,1034
1076.469971,1186.310059,1038.670044
1061.209961,1213.140015,1032.300049
1061.910034,1181.969971,1043.349976
1063.449951,1177.76001,1023.710022
1100.949951,1180.209961,1021.609985
1075.599976,1175.339966,1035.98999
1065.23999,1218.790039,1030.859985
1055.540039,1186.589966,1028.920044
1066.459961,1206.189941,1046.060059
1066.77002,1206.930054,1035.640015
1124.859985,1218.439941,1038.189941
1085.910034,1207.369995,1043.530029
1080.910034,1208.280029,1052.310059
1098.560059,1196.839966,1075.829956
1050.719971,1201.23999,1034.810059
1066.640015,1198.650024,1042.920044
1076.660034,1220.180054,1029.079956
1102.900024,1213.189941,1033.219971
1107.180054,1215.73999,1025.699951
1106.939941,1191.280029,1041.040039
1084.050049,1176.650024,1035.900024
1091.920044,1195.400024,1019.849976
1088.569946,1203.810059,1026.609985
1100.900024,1194.27002,1034.550049
1067.280029,1208.219971,1039.76001
1076.469971,1202.400024,1047.670044
1067.920044,1213.599976,1024.349976
1294.400024,1204.48999,1031.709961
1319.300049,1207.209961,1020.559998
1282.420044,1200.699951,1028.569946
1285.400024,1215.060059,1008.359985
1317.48999,1214.060059,1037.880005
1291.290039,1208.97998,1043.290039
1287.579956,1198.540039,1048.099976
1312.569946,1184.97998,1020.099976
1310.949951,1212.530029,1045.439941
1283.920044,1197.27002,1041.219971
1188.550049,1186.290039,1034.199951
1213.709961,1199.930054,1020.559998
1200.400024,1200.410034,1030.060059
1203.72998,1188.420044,1033.329956
1205.22998,1207.579956,1031.969971
1219.410034,1205.170044,1040.819946
1195.920044,1195.050049,1020.369995
1233.869995,1191.469971,1050.939941
1189.27002,1196.380005,1021.950012
1214.079956,1195.75,1024.959961
1210.420044,1199.339966,1021.419983
1189.040039,1207.560059,1041.329956
1193.699951,1205.910034,1035.790039
1218.130005,1212.160034,1031.930054
1204.180054,1207.5,1047.150024
1189.310059,1207.410034,1016.23999
1207.599976,1188.160034,1031.209961
1233.780029,1207.719971,1031.910034
1222.079956,1199.949951,1002.369995
1207.560059,1193.439941,1049.060059
1230.22998,1203.680054,1004.609985
1188.689941,1182.579956,1034.349976
1192.189941,1208.130005,1048.650024
1220.689941,1206.560059,1040.719971
1208.459961,1201.97998,1026.26001
1191.73999,1209.630005,1027.77002
1197.319946,1220.579956,1036.140015
1224.119995,1197.400024,1037.27002
1200.869995,1205.300049,1066.76001
1205.800049,1202.959961,1016.650024
1202.380005,1206.530029,1037.790039
1196.48999,1210.349976,1007.73999
1193.199951,1210.569946,1044.880005
1199.869995,1205.030029,1045.140015
1164.920044,1206.189941,1041.910034
1195.51001,1215.369995,1036.290039
1175.040039,1203.359985,1002.859985
1198.949951,1205.98999,1012.01001
1227.48999,1195.699951,1057.300049
1192.890015,1205.449951,1040.97998
1200.839966,1195.77002,1049.23999
1190.98999,1184.97998,1033.780029
1177.130005,1185.439941,1067.160034
1207.209961,1201.650024,1071.150024
1178.660034,1188.98999,1073
1188.969971,1185.5,1037.140015
1196.709961,1205.780029,1044.51001
1172.160034,1184.02002,1068.160034
1203.140015,1203.780029,1029.530029
1202.160034,1205.920044,1054.949951
1193.439941,1195.170044,1032.849976
1196.77002,1195.619995,1048.170044
1148.420044,1200.439941,1149.449951
1184.48999,1205.560059,1138.180054
1183.579956,1193.810059,1115.030029
1206.630005,1196.51001,1113.219971
1190.319946,1191.390015,1130.5
1192.910034,1206.540039,1160.300049
1170.939941,1210.329956,1125.51001
1168.829956,1180.900024,1166.930054
1254.209961,1214.98999,1170.069946
1177.73999,1209.5,1150.319946
1196.880005,1207.339966,1153.900024
1215.890015,1186.459961,1130.069946
1188.900024,1193.109985,1134.910034
1171.400024,1198.72998,1129.869995
1185.23999,1205.22998,1130.349976
1190.670044,1184.52002,1157.180054
1196.27002,1189.640015,1133.599976
1168.329956,1186.47998,1115.880005
1165.859985,1196.72998,1092.25
1177.369995,1185.439941,1151.01001
1163.969971,1185.900024,1159.430054
1174.060059,1178.180054,1128.099976
1194.73999,1195.140015,1129.609985
1195.290039,1193.569946,1100.75
1176,1187.859985,1102.540039
1167.579956,1173.949951,1126.469971
1170,1184.290039,1184.849976
1194.51001,1203.569946,1112.630005
1194.030029,1205.560059,1159.150024
1170.310059,1181.209961,1144.040039
1196.22998,1165.439941,1114.790039
1149.209961,1180.400024,1106.199951
1167.890015,1164.180054,1138.420044
1167.73999,1158.569946,1142.189941
1201.329956,1165.050049,1130.680054
1174.060059,1152.51001,1146.290039
1175.390015,1152.030029,1115.439941
1171.72998,1171.890015,1136.170044
1193.349976,1167.290039,1122
1183.449951,1164.920044,1162.569946
1145.939941,1144.300049,1140.310059
1173.98999,1163.130005,1094.119995
1191.73999,1170.869995,1141.579956
1139.599976,1165.219971,1132.77002
1177,1174.790039,1142.709961
1150.800049,1193.430054,1144.609985
1161.040039,1193.76001,1179.75
1156.709961,1177.689941,1154.699951
1151.040039,1192.599976,1110.52002
1178.810059,1189.77002,1160.390015
1184.589966,1190.030029,1161.680054
1153.040039,1200.040039,1158.800049
1214.099976,1185.199951,1149.599976
1182.280029,1176.959961,1141.339966
1211.640015,1196.75,1156.339966
1210.660034,1181.27002,1177.699951
1152.410034,1174.780029,1112.540039
1195.810059,1193.869995,1140.400024
1232.339966,1203.160034,1126.780029
1176.51001,1189.640015,1113.73999
1192.76001,1198.98999,1150.170044
1213.189941,1191.910034,1128.219971
1178.73999,1200.410034,1096.349976
1151.469971,1182.800049,1147.030029
1221.930054,1196.790039,1131.459961
1187.01001,1155.939941,1166.25
1211.640015,1136.910034,1134.079956
1223.420044,1138.329956,1152.430054
1188.430054,1125.650024,1166.410034
1193.040039,1123.310059,1136.219971
1207.540039,1130.859985,1163.829956
1172.030029,1120.829956,1130.73999
1190.819946,1133.780029,1087.560059
1174.969971,978.0800171,1141.439941
1179.900024,974.9000244,1175.76001
1131.790039,971.7600098,1164.569946
1175.079956,981.9699707,1161.300049
1215.469971,967.039978,1136.300049
1188.619995,958.3400269,1136.849976
1182.25,947.3800049,1156.900024
1170.329956,964.5300293,1129.109985
1189.930054,957.9400024,1135.079956
1181.030029,951.7199707,1157.27002
1202.77002,962.0700073,1117.949951
1205.930054,1014.890015,1114.180054
1188.77002,1006.609985,1176
1194.699951,1003.48999,1138.550049
1189.819946,1004.200012,1140.030029
1197.709961,797.3699951,1168.76001
1171.400024,828.289978,1133.48999
1231.819946,644.0999756,1166.280029
1191.339966,663.2600098,1138.109985
1211.140015,652.6699829,1133.030029
1163.98999,653.0300293,1196.72998
1173.359985,658.0700073,1174.300049
1193.680054,660.5499878,1108.98999
1184.630005,735.5300293,1098.790039
1193.630005,904.7600098,1120.780029
1214.800049,900.9899902,1174.150024
1209.369995,617.2000122,1139.530029
1174.339966,755.4799805,1138.920044
1204.290039,709.289978,1174.280029
1168.26001,723.8800049,1172.119995
1180.160034,718.9400024,1125.290039
1169.97998,711.9299927,1164.050049
1166.339966,710.9799805,1149.290039
1160.97998,705.2700195,1127.560059
1196.640015,704.4400024,1143.579956
1178.880005,698.0100098,1204.400024
1204.310059,705.9000244,1131.030029
1203.400024,716.3099976,1142.27002
1169.73999,720.3900146,1131.420044
1185.109985,719.3099976,1165.050049
1194.930054,715.539978,1096.369995
1224.910034,703.7700195,1150.839966
1124.660034,698.2399902,1149.48999
1177.390015,710.2999878,1111.060059
1142.26001,711.6500244,1155.180054
1207.780029,701.1500244,1100.329956
1204.680054,704.7700195,1144.390015
1174.01001,709.2399902,1120.73999
1190.599976,715.5700073,1152.170044
1249.699951,710.2800293,1088.079956
1232.630005,867.9799805,1125.119995
1219.569946,955.6799927,1150.189941
1255.130005,943.4899902,1156.51001
1239.910034,941.3699951,1132.829956
1235.660034,417.9599915,1145.26001
1258.719971,464.519989,1133.819946
1242.290039,460.1000061,1118.170044
1228.689941,465.9500122,1111.079956
1232.430054,460.4100037,1155.719971
1226.930054,460.9200134,1137.829956
1234.189941,460.8800049,1249.280029
1227.160034,459.5100098,1182.52002
1260.839966,452.269989,1152.47998
1228.560059,733.6599731,1096.040039
1251.650024,746.0900269,1178.150024
1234.030029,735.0300293,1236.219971
1236.709961,713.5700073,1132.790039
1232.97998,724.1500244,1172.469971
1267.089966,724.289978,1078.140015
1257.939941,430.269989,1113.609985
1171.25,460.519989,1100.329956
1250.589966,454.3800049,1115.23999
1240.150024,468.2000122,1013.059998
1205.560059,459.5700073,1076.75
1255.02002,459.0899963,1088.47998
1253.540039,455.730011,1091.180054
1261.619995,463.7600098,1071.910034
1234.030029,459.480011,1077.949951
1242.109985,473.7900085,1139.810059
1234.050049,472.730011,1063.780029
1227.48999,472.9599915,1089.97998
1271.910034,456.0400085,1089.5
1239.97998,464.9100037,1113.810059
1222.410034,455.8800049,1079.930054
1225.719971,454.8699951,1105.02002
1231.5,461.5499878,1116.180054
1251.829956,462.4100037,1112.719971
1216.459961,471.1700134,1088.040039
1219.640015,468.6799927,1094.650024
1246.410034,463.1400146,1133.689941
1241.810059,466.2900085,1090.310059
1230.560059,707.9899902,1171.349976
1223.560059,909.1099854,1087.780029
1241.26001,1135.599976,1091.77002
1229.670044,1065.560059,1050.459961
1256.459961,1051.219971,1044.219971
1253.98999,1063.670044,1060.439941
1232.040039,1058.52002,1167.449951
1274.859985,1063.22998,1080.22998
1238.819946,1061.310059,1117.560059
1238.390015,1059.719971,1064.780029
1228.949951,1077.180054,1048.689941
1226.530029,1070.319946,1091.180054
1225.02002,1048.040039,1102.119995
1248.47998,792.7800293,1071.599976
1235.349976,422.7200012,1020.419983
1250.689941,739.960022,1058.699951
1208.199951,852.6300049,1021.840027
1213.170044,1090.780029,1057.540039
1254.390015,1043.180054,1097.459961
1255.22998,1041.410034,1067.380005
1225.719971,1026.910034,999.5499878
1233.790039,1018.539978,1073.77002
1251.829956,1016.030029,1112.47998
1220.660034,1034.97998,1109.530029
1232.939941,1039.560059,1054.380005
1227.619995,1033.630005,1158.25
1234.47998,1038.72998,1047.709961
1218.699951,1043.459961,1055.060059
1221.359985,1023.099976,1114.660034
1241.810059,1036.420044,1063.839966
1235.469971,1035.089966,1084.790039
1244.180054,702.7000122,1073.959961
1225.329956,488.230011,1109.530029
1237.140015,482.4599915,1018.400024
1229.140015,471.8500061,1110.339966
1230.339966,474.0599976,1063.560059
1227.01001,465.5,1018.77002
1221.209961,475.7799988,1067.660034
1227.310059,464.1199951,991.0900269
1227.380005,467.1900024,1053.790039
1235.48999,467.8299866,1096.959961
1225.719971,753.6300049,1091.02002
1227.180054,735.3599854,1114.349976
1239.630005,718.1599731,1102.930054
1228.640015,721.1599731,1093.530029
1227.01001,696.5200195,1096.040039
1234.160034,700.0900269,1035.959961
1225.290039,712.5,1078.030029
1226.640015,717.8200073,1054.140015
1234.380005,715.1799927,1076.790039
1243.699951,721.2700195,1103.910034
1229.859985,721.4000244,1081.609985
1233.680054,713.4199829,1091.089966
1239.469971,452.0700073,1119.969971
1284.180054,464.5799866,1088.709961
1246.150024,473.1199951,1057.079956
1243.420044,462.2200012,1088.099976
1246.26001,470.9700012,1065
1239.910034,464.9899902,1095.22998
1237.380005,468.0400085,1054.319946
1228.839966,464.769989,1093.619995
1232.459961,465.5599976,1051.680054
1235.51001,458.0499878,1072.800049
1230.02002,457.3200073,1096.630005
1217.699951,494.230011,1092.660034
1227.530029,1020.130005,1055.910034
1234.400024,702.5599976,1077.209961
1218.47998,709.7399902,1033
1242.420044,720.4699707,1097.189941
1243.569946,499.5700073,1085.619995
1219.569946,798.9299927,1063.560059
1254.48999,738.1699829,1104.319946
1238.800049,441.9899902,1063.430054
1241.77002,840.289978,1050.76001
1248,786.9199829,1044.27002
1243.359985,1077.959961,1073
1219.900024,1227.680054,1066.199951
1238.119995,1205.119995,1108.920044
1238.040039,1219.069946,987.2399902
1210.719971,1243.050049,1091.97998
1224.089966,1254.170044,1022.630005
1231.199951,1226.699951,1042.109985
1237.849976,1234.530029,1009.859985
1220.530029,1228.619995,1073
1217,1228.900024,1038.640015
1232.73999,1233.050049,1079.040039
1224.869995,1245.900024,1069.290039
1223.280029,1255.23999,1056.780029
1245.949951,1237.859985,1045.069946
1222.359985,1300.119995,1075.630005
1239.97998,1309.900024,1105.959961
1238.209961,1327.369995,1064.709961
1252.119995,1310.099976,1041.650024
1254.339966,1337.900024,1057.930054
1233.390015,1329.410034,1137.800049
1217.310059,1300.77002,1085.680054
1237.380005,1310.300049,1132.880005
1227.359985,1356.949951,1081.449951
1249.939941,1341.75,1039.560059
1223.849976,1357.880005,1115.199951
1227.25,1308.969971,1109.98999
1234.199951,1261.060059,1094.079956
1242.550049,1249.390015,986.3400269
1238.150024,1253.079956,1091.920044
1233.390015,1261.359985,1077.22998
1220.290039,1250.089966,1035.420044
1236.51001,1255.040039,974.1099854
1228.449951,1245.48999,1026.349976
1234.130005,1246.670044,1066.459961
1230.579956,1239.060059,1095.51001
1228.22998,1276.310059,1072.869995
1205.099976,1285.900024,1096.97998
1227.530029,1269.75,1095.540039
1233.150024,1252.550049,1044.75
1205.709961,1233.310059,1040.73999
1240.699951,1248.97998,1054.209961
1224.829956,1250.310059,1090.199951
1225.069946,1244.819946,1066.26001
1259.51001,1265.97998,1041.109985
1218.050049,1242.160034,1054.01001
1233.52002,1270.650024,1094.51001
1223.780029,1156.089966,1054.859985
1229.060059,1142.699951,1049.589966
1227.089966,1138.23999,1081.180054
1222.339966,1132.810059,1107.089966
1227.75,1146.589966,1061.140015
1211.219971,1187.459961,1089.180054
1221.060059,1195.530029,1049.589966
1255.890015,1162.73999,1052.310059
1231.76001,1190.910034,1081.329956
1239.97998,1173.969971,1073.939941
1247.609985,1166.170044,1097.420044
1244.77002,1164.48999,1058.390015
1255.390015,1157.949951,1064.430054
1238.060059,1141.209961,1072.689941
1245.449951,1157.51001,1095.630005
1229.170044,1138.550049,1065
1245.579956,1164.069946,1093.420044
1227.48999,1138.27002,1051.180054
1243.939941,1145.089966,1056.48999
1226.050049,1155.459961,1066.150024
1225.390015,1139.939941,1061.030029
1232.829956,1159.780029,1016.599976
1250.939941,1149.349976,1061.27002
1229.709961,1128.530029,1060.199951
1234.27002,1153.349976,1054.709961
1238.119995,1153.540039,1058
1216.23999,1178.329956,1087.22998
1230.670044,1144.780029,1050.27002
1225.439941,1144.359985,1049.219971
1234.109985,1149.859985,1056.300049
1229.189941,1144.76001,1122.02002
1234.47998,1142.119995,1078.300049
1227.48999,1136.390015,1091.680054
1238.540039,1157.099976,1090.73999
1227.01001,1137.5,1106.130005
1226.050049,1165.439941,1114
1229.319946,1159.839966,1090.390015
1237.98999,1146.920044,1050.609985
1234.640015,1151.170044,1096.650024
1217,1142.969971,1083.030029
1218.900024,1151.469971,1115.719971
1245.140015,1197.75,1078.27002
1226.459961,1203.109985,1106.52002
1237.22998,1198.579956,1118.27002
1239.819946,1204.589966,1106.52002
1202.550049,1177.040039,1118.27002
1202.400024,1166.819946,1098.52002
1222.949951,1177.5,1122.02002
1228.900024,1122.959961,1102.27002
1222.780029,1224.5,1098.52002
1238.709961,1155.150024,1138.52002
1241.23999,1220.77002,1110.27002
1241.569946,1131.959961,1126.27002
1234.130005,1103.540039,1106.52002
1235.810059,1171.5,1094.27002
1253.119995,1121.219971,1122.52002
1250.680054,1100.420044,1114.52002
1237.880005,1242.939941,1106.52002
1239.5,1135.119995,1118.780029
1234.829956,1152.540039,1110.27002
1236.25,1096.670044,1102.27002
1231.780029,1121.109985,1114.52002
1224.02002,1171.680054,1114.52002
1233.680054,1134.300049,1106.52002
1232.969971,1111.670044,1114.52002
1247.150024,1092.569946,1130.52002
1228.25,1201.910034,1134.27002
1234.329956,1190.540039,1102.27002
1252.689941,1184.97998,1110.27002
1239.390015,1133.339966,1102.27002
1242.719971,1152.430054,1122.52002
1238.579956,1083.160034,1102.27002
1237.670044,1166.859985,1082.52002
1225.420044,1172.920044,1094.27002
1248.569946,1189.619995,1110.780029
1262.339966,1191.540039,1118.780029
1236.98999,1123.97998,1118.780029
1225.199951,1202.97998,1098.52002
1246.130005,1065.609985,1082.52002
1232.079956,1106.52002,1110.780029
1238.709961,1077.349976,1094.780029
1240.650024,1095.599976,1086.780029
1232.459961,1088.719971,1114.52002
1236.680054,1132.550049,1078.780029
1238.099976,1113.949951,1106.52002
1250.27002,1135.689941,1086.780029
1249.76001,1187.150024,1082.52002
1243.27002,1131.630005,1090.52002
1251.790039,1042.23999,1078.27002
1240.290039,1110.709961,1130.52002
1237.01001,1078.72998,1134.27002
1244.469971,1183.380005,1066.52002
1242.089966,1043.23999,1106.52002
1241.810059,1149.709961,1110.27002
1254.689941,1149.920044,1094.780029
1254.800049,1072.319946,1126.27002
1219.040039,1100.329956,1106.52002
1263.97998,1146.390015,1102.27002
1236.709961,1079.01001,1102.27002
1236.030029,1097.209961,1098.52002
1265.650024,1135.209961,1098.52002
1218.349976,1157.619995,1102.27002
1248.699951,1100.73999,1110.27002
1245.560059,1034.800049,1102.27002
1238.949951,1083.109985,1126.27002
1239.280029,1089.670044,1106.52002
1236.640015,1001.830017,1126.27002
1261.930054,1018.75,1106.52002
1246.949951,1025.300049,1122.52002
1233.810059,1025.930054,1126.27002
1268.569946,1094.900024,1102.780029
1242.310059,1035.439941,1094.27002
1240.52002,1063.079956,1102.27002
1226.73999,1056.060059,1106.52002
1006.23999,1151.27002,1098.52002
666.1099854,1181.680054,1098.52002
682.039978,1250.23999,1122.52002
718.75,1125.439941,1122.52002
700.1599731,1204.26001,1122.52002
685.8300171,1175.290039,1098.52002
696.8099976,1221.849976,1110.27002
685.3800049,1200.839966,1106.52002
691.4199829,1121.800049,1094.780029
707.7600098,1171.310059,1118.780029
704.3099976,1198.48999,1086.780029
696.2299805,1209.349976,1114.52002
830.289978,1123.569946,1114.52002
707.3200073,1168.930054,1122.52002
703.0900269,1153.959961,1102.27002
700.75,1211.050049,1130.52002
692.5200195,1211.959961,1074.52002
689.539978,1197.400024,1130.52002
695.3699951,1163.329956,1138.52002
701.0800171,1162.52002,1130.52002
704.8300171,1172.949951,1182.780029
704.8900146,1200.73999,1130.52002
673.6400146,1186.97998,1166.27002
677.6300049,1202.310059,1130.52002
753.3099976,1132.219971,1154.02002
693.8699951,1223.189941,1130.52002
699.0900269,1144.02002,1146.52002
705.7800293,1171.829956,1170.52002
707.2700195,1251.329956,1162.52002
707.1099854,1183.430054,1122.02002
381.4500122,1234.699951,1134.27002
699.5800171,1225.829956,1186.02002
678.75,1227.459961,1166.27002
698.0300293,1170.040039,1146.52002
693.6500244,1176.5,1098.52002
689.460022,1195.73999,1146.52002
699.6699829,1249.52002,1090.52002
679.3400269,1196.25,1098.52002
687.8900146,1244.880005,1122.52002
685.2999878,1200.170044,1106.52002
676.6900024,1191.800049,1086.27002
680.9000244,1196.900024,1083.030029
685.0300293,1200.780029,943.3900146
712.4000244,1292.660034,1118.780029
702.7800293,1231.72998,1130.52002
699.7199707,1225.939941,1094.780029
948.9199829,1184.48999,1110.780029
945.1799927,1175.420044,1106.52002
940.7600098,1187.939941,1090.52002
936.8800049,1215.469971,1094.27002
932.5100098,1220.829956,1102.27002
948.1099854,1176.410034,1094.27002
951.3699951,1241.650024,1114.02002
965.4000244,1271.670044,1122.52002
941.8699951,1227.420044,1110.27002
959.9000244,1169.089966,1082.52002
943.1199951,1070.689941,1110.27002
945.710022,1035.420044,1102.27002
944.1199951,1035.109985,1118.27002
938.1799927,1017.719971,1114.52002
950.9799805,1031.51001,1078.27002
936.039978,1047.040039,1110.27002
942.2399902,457.4599915,1098.02002
928.0800171,467.4400024,1106.02002
936.289978,488.3999939,1114.52002
905.9000244,468.0899963,1106.02002
704.9699707,480.980011,1110.27002
722.0100098,473.3699951,1118.27002
872.4099731,774.1400146,1098.52002
1032.76001,801.039978,1106.02002
1195.130005,850.4699707,1114.02002
1220.290039,1196.76001,1126.27002
1228.459961,1181.550049,1142.27002
1208.449951,942.9099731,1118.27002
1214.969971,1132.109985,1166.27002
1192.189941,1090.869995,1186.02002
1192.319946,451.6099854,1150.27002
1160.25,780.25,1174.27002
1130.560059,879.2700195,1130.52002
1139.76001,497.1300049,1106.52002
1149.48999,697.7700195,1130.02002
1121.339966,774.6300049,1110.27002
1129.430054,942.6799927,1126.27002
1120.040039,1155.130005,1130.02002
1131.329956,1172.589966,1106.02002
1133.420044,1188.420044,1146.02002
1131.150024,1217.560059,1114.02002
1143.839966,1065.869995,1149.77002
1124.680054,1214.859985,1114.02002
1112.949951,1217.5,1106.02002
1135.319946,1205.900024,1110.27002
1140.640015,1149.030029,1142.27002
1122.349976,1196.069946,1114.02002
1124.5,1199.98999,1114.02002
1131.219971,1206.119995,1106.02002
1141.48999,1203.530029,1134.27002
1123.680054,1202.810059,1122.02002
1118.22998,1212.199951,1130.02002
1125.140015,1234.52002,1114.02002
1136.910034,1193.689941,1098.02002
1122.73999,1208.449951,1130.02002
1132.160034,1193.170044,1165.77002
1123.109985,1203.459961,1158.27002
1141.380005,1222.790039,1134.27002
1123.109985,1205.810059,1098.02002
1124.219971,1179.219971,1142.27002
1123.02002,1213.47998,1130.02002
1110.859985,1213.310059,1178.02002
1119.98999,1215.469971,1166.27002
1112.01001,1204.390015,1098.02002
1106.150024,1200.380005,1117.77002
1127.359985,1216.880005,1094.27002
1117.22998,1201.72998,1102.27002
718.0200195,1196.349976,1094.27002
716.3099976,1213.939941,1106.02002
719.1599731,1199.689941,1093.77002
700.25,1186.670044,1086.27002
716.8300171,1204.569946,1130.02002
703.2800293,1215.52002,1158.27002
702.2299805,1207.890015,1138.02002
692.7399902,1179.069946,1110.27002
734.6699829,1196.390015,1054.27002
842.8099976,1178.189941,1110.27002
840.2700195,1186.959961,1118.27002
840.9199829,1204.329956,1170.02002
702.25,1191.709961,1122.02002
705.6400146,1191.290039,1138.02002
700.2299805,1205.219971,1094.27002
824.0200195,1201.319946,1085.77002
831.3099976,1201.949951,1118.27002
918.5999756,1176.339966,1086.27002
1153.540039,1193.72998,1162.02002
1142.300049,1185.540039,1142.27002
1151.23999,1175.599976,1158.27002
1138,1189.109985,1078.27002
1156.27002,1187.5,1046.27002
1139.75,1183.430054,1090.02002
1143.26001,1169.949951,1122.02002
1125.25,1176.300049,1122.02002
1114.02002,1183.189941,1102.27002
1138.329956,1168.48999,1058.02002
1144.630005,1171.540039,1074.02002
1157.290039,1168.27002,1070.27002
1144.280029,1191.839966,1102.27002
1140.449951,1152.280029,1138.02002
1145.77002,1172.140015,1186.02002
1130.050049,1177.339966,1062.27002
1135.709961,1199.099976,1190.27002
1153.630005,1187.189941,1110.27002
1146.290039,1190.359985,1070.27002
1140.400024,1176.339966,1070.27002
1142.880005,1178.579956,1166.27002
1128.390015,1187.609985,1054.27002
1165.540039,1168.380005,1062.27002
1155.27002,1169.650024,1110.27002
1128.780029,1169.540039,1090.02002
1146.27002,1169.439941,1122.02002
1155.660034,1176.359985,1086.27002
1133.079956,1179.630005,1094.27002
1140.51001,1197.530029,1098.02002
1134.819946,1222.880005,1110.27002
1155.810059,1180.680054,1082.52002
1136.73999,1202.109985,1070.27002
1139.589966,1197.01001,1114.52002
1139.719971,1159.339966,1058.52002
1143.670044,1174.099976,1050.52002
1155.719971,1206.290039,1090.52002
1158.170044,1202.73999,1102.27002
1139.680054,1237.969971,1082.52002
1140.27002,1196.699951,1086.27002
1138.719971,1202.810059,1098.02002
1135.300049,1204.310059,1034.52002
1128.670044,1231.780029,1021.26001
1124.619995,1170.349976,1046.27002
1184.02002,1209.040039,1026.52002
1164.689941,1214.98999,1015.140015
1175.76001,1193.52002,1078.780029
1168.890015,1190.01001,1038.27002
1167.150024,1194.420044,1023.140015
897.7700195,1176.699951,1042.52002
900.5800171,1152.579956,1070.27002
880.1099854,1185.02002,1050.02002
908.2999878,1195.189941,1046.27002
901.2199707,1156.550049,958.8800049
897.1699829,1182.699951,1034.02002
902.7000122,1199.609985,1042.52002
893.0599976,1201.23999,1062.27002
899.6900024,1183.76001,1054.27002
907.7700195,1185.060059,1001.01001
906.3400269,1189.069946,995.1400146
901.0900269,1077.030029,1046.27002
974.7700195,1050.849976,1005.01001
989.0599976,1058.560059,1026.52002
981.460022,1059.459961,1082.02002
993.6300049,1052.97998,995.1400146
985.7399902,1061.359985,1046.27002
990.1400146,1055.030029,1050.52002
974.2299805,1057.170044,1050.52002
974.3900146,1063.5,1058.02002
983.9299927,1084.290039,1017.01001
984.039978,1086.25,1054.27002
981.9199829,1073.109985,1054.27002
977.5200195,1071.079956,1062.27002
993.8800049,1066.550049,1054.27002
977.0800171,1072.540039,1038.27002
981.7299805,1070.060059,1042.52002
890.4799805,1050.569946,1046.27002
894.3599854,1056.890015,1046.27002
896.0200195,1069.180054,1034.52002
914.3499756,1052.920044,1054.27002
899.0800171,1065.130005,1050.52002
904.0599976,1073.939941,1046.27002
889.4699707,1062.560059,1030.780029
902.7999878,1046.469971,1058.52002
899.2299805,1073.829956,1062.27002
908.0900269,1041.060059,1030.780029
898.25,1067.160034,1046.780029
892.5900269,1044.01001,1030.27002
923.5599976,1076.72998,1030.780029
903.2199707,1046.079956,1034.52002
900.6900024,1055.469971,953.2600098
916.8499756,1038.599976,989.2600098
925.1599731,1048.23999,975.1400146
899.3499756,1057.97998,979.1400146
909.5900269,1065.23999,977.2600098
904.5800171,1053.060059,965.2600098
902.210022,1047.209961,987.3900146
914.4299927,1104.449951,995.3900146
908.8499756,1079.910034,981.2600098
905.7299805,1054.689941,959.1400146
914.3200073,1054.040039,975.1400146
908.7800293,1051.900024,985.2600098
901.710022,1059.650024,969.0100098
916.6900024,1050.410034,971.1400146
912.8499756,1051.47998,977.2600098
898.8900146,1042.430054,995.1400146
907.4000244,1076.199951,983.1400146
908.8300171,1052.97998,973.0100098
925.5700073,1065.780029,975.1400146
901.9099731,1050.689941,977.0100098
904.0900269,1036.52002,987.1400146
908.3499756,1048.430054,971.1400146
915.2999878,1062.969971,987.1400146
901.1500244,1059.040039,981.2600098
901.2600098,1069.310059,979.1400146
923.4899902,1070.52002,953.2600098
906.0800171,1060.199951,1003.140015
917.2999878,1064.079956,989.2600098
913.6300049,1068.959961,977.0100098
913.9400024,1077.329956,983.1400146
913.7399902,1074.829956,991.1400146
908.6699829,1056.969971,973.0100098
917.6699829,1068.51001,957.2600098
930.0100098,1076.23999,983.3900146
922.1099854,1063.040039,977.2600098
904.1699829,1057.73999,975.1400146
894.5599976,1082.699951,989.2600098
915.9000244,948.3900146,1046.780029
904.6900024,1000.820007,1186.52002
918.5200195,435.7399902,1162.52002
914.7600098,868.8499756,999.3900146
936.8599854,769.2700195,999.1400146
913.8200073,667.7700195,1011.140015
913.0300293,786.0700073,1003.140015
915,1175.25,997.2600098
919.75,1172,1009.26001
916.4899902,1158.300049,1017.26001
911.4099731,1170.869995,1003.140015
910.6799927,1178.47998,1007.140015
927.7399902,1164.199951,999.1400146
912.4899902,1163.199951,1023.140015
910.8200073,1133.420044,1009.01001
907.2000122,1175.76001,1023.140015
914.3200073,1171.699951,1001.26001
909.4199829,1158.430054,1005.26001
915.210022,1167.469971,1011.390015
903.7000122,1173.27002,1017.01001
891.3400269,1168.719971,1011.140015
909.8699951,1174.22998,1015.140015
653.1599731,1156.97998,1019.140015
674.5,1171.890015,1023.140015
659.6699829,1183.380005,1009.26001
662.4899902,1064.48999,1026.52002
678.1599731,1018.48999,985.2600098
677.7700195,1013.570007,995.1400146
664.8200073,998.0599976,995.1400146
661.7800293,1010.929993,977.2600098
664.4099731,1134.339966,975.1400146
656.4799805,1166.51001,975.1400146
664.6199951,1166.119995,973.2600098
666.3300171,1147.109985,981.2600098
671.5100098,1173.219971,995.1400146
658.9099731,1158.859985,973.2600098
659.9199829,1154.869995,969.2600098
670.1199951,1158.199951,973.2600098
665.8499756,935.5200195,967.3900146
673.2199707,928.5499878,979.3900146
671.7800293,939.3499756,973.2600098
677.7800293,936.4699707,953.2600098
662.4500122,945.0200195,965.2600098
668.8300171,909.3099976,987.1400146
660.1300049,944.4799805,953.2600098
666.7299805,931.3300171,963.1400146
657.6900024,933.5999756,991.1400146
706.9699707,914.5999756,955.1400146
669.1099854,936.5499878,977.0100098
666.7800293,939.4799805,991.1400146
660.7000122,926.9299927,975.1400146
661.0800171,946.7999878,971.1400146
677.210022,934.8699951,973.0100098
672.460022,931.2999878,993.2600098
668.4699707,958.9799805,953.2600098
651.25,918.710022,985.2600098
670.0200195,906.3900146,971.1400146
701.6799927,908.7299805,983.3900146
695.9099731,950.25,969.2600098
664.8900146,920.4899902,987.3900146
666.5900269,905.2199707,997.2600098
668.3300171,928.5700073,981.2600098
656.0499878,925.5200195,987.3900146
671.1099854,967.6300049,965.2600098
673.8400269,950.2800293,987.3900146
674.5599976,948.0200195,987.3900146
673.3400269,936.7399902,999.3900146
666.3200073,877.9099731,963.3900146
670.9299927,881.9199829,983.1400146
664.789978,429.1199951,973.2600098
656.6599731,515.789978,995.3900146
670.3900146,414.6900024,975.3900146
670.0200195,760.0300293,973.2600098
664.8300171,859.5800171,969.2600098
665.1699829,836.039978,983.3900146
669.7399902,764.9000244,995.3900146
665.3099976,845.289978,981.2600098
669.4099731,396.8200073,967.3900146
672.4899902,673.1099854,955.3900146
675.1099854,592.8599854,989.2600098
672.7299805,656.4000244,963.3900146
690.960022,446.8200073,965.2600098
662.4500122,598.8300171,975.3900146
708.9000244,848.1799927,989.5100098
672.8900146,698.4000244,985.2600098
680.3099976,642.9899902,975.3900146
681.9500122,695.3499756,965.2600098
672.8699951,684.6599731,979.3900146
672.5800171,690.2600098,971.3900146
669.3200073,918.9899902,953.2600098
665.6900024,909.7299805,959.3900146
677.4799805,925.9400024,977.5100098
672.4400024,922.6900024,977.2600098
677.2399902,927.7399902,967.3900146
688.2199707,929.3099976,995.3900146
672.6599731,940.4099731,981.2600098
665.5800171,910.8699951,977.2600098
685.5100098,920.1699829,967.3900146
678.9299927,942.0100098,985.2600098
665.3800049,927.5800171,975.3900146
681.2000122,920.9099731,1009.26001
687.210022,928.3699951,975.3900146
674.8699951,938.6400146,975.3900146
663,927.7600098,995.3900146
904.0599976,941.5,1009.26001
901.7800293,928.7700195,947.3900146
879.4199829,933.0100098,977.2600098
902.6900024,929.2000122,969.5100098
1180.430054,935.4299927,967.3900146
1135.869995,932.3400269,995.3900146
1181.030029,935.1099854,987.3900146
1132.969971,1090.150024,973.2600098
1167.390015,1146.540039,953.2600098
1159.219971,1156.609985,985.2600098
1152.51001,1164.719971,985.2600098
1160.290039,1174.339966,971.3900146
885.8400269,1151.27002,995.3900146
926.960022,1187.369995,971.3900146
984.5200195,1176.619995,995.3900146
908.5200195,1157.819946,975.3900146
927.1900024,1152.319946,983.3900146
927.789978,1159.449951,969.5100098
926.960022,1175.01001,983.3900146
915.4699707,1151.150024,979.3900146
930.0800171,1183.099976,997.5100098
900.6500244,1165.660034,973.2600098
908.1699829,1164.880005,987.3900146
907.2999878,1164.589966,967.3900146
919.75,1148.280029,967.3900146
822.0100098,1170.810059,977.2600098
671.4199829,1170.410034,975.3900146
679.1500244,1151.969971,981.2600098
651.8599854,1175.119995,959.3900146
656.2700195,1175.400024,1001.26001
884.1500244,1163.02002,959.3900146
673.9799805,1160.930054,981.2600098
757.0300293,1155.459961,987.3900146
729.9099731,1167.880005,985.5100098
928.75,1161.869995,985.2600098
975.3099976,1163.02002,955.3900146
1015.030029,988.25,973.5100098
988.2700195,970.4899902,959.3900146
983.8200073,984.8599854,967.3900146
1052.219971,847.9500122,967.3900146
1241,920.6900024,959.3900146
1235.849976,831.7399902,967.3900146
1249.930054,400.019989,999.3900146
1248.469971,756.4000244,979.3900146
1249.060059,971.9099731,959.3900146
1253.52002,809.789978,943.3900146
1245.97998,499.1099854,971.3900146
1236.900024,472.4700012,957.2600098
1236.040039,708.0700073,961.2600098
1263.180054,673.1699829,965.2600098
1247.430054,617.8499756,973.2600098
1235.849976,808.2800293,957.2600098
1248.76001,915.9699707,997.5100098
1250.319946,915.7600098,975.3900146
1242.939941,919.1199951,981.2600098
1226.849976,913.9699707,979.3900146
1220.369995,915.0300293,981.2600098
1251.76001,905.6599731,985.5100098
1237.380005,915.4400024,963.3900146
1236.76001,929.2000122,979.3900146
1251.880005,914.8200073,977.2600098
1218.589966,932.9000244,969.5100098
1224.890015,921.0800171,1003.390015
1252.880005,912.4199829,989.5100098
1222.089966,932.7199707,983.3900146
1235.27002,925.5499878,957.2600098
1219.959961,922.3400269,989.5100098
1228.420044,939.1599731,985.2600098
1232.140015,930.4899902,963.3900146
1225.060059,935.2600098,983.3900146
1238.050049,933.6199951,975.3900146
1230.939941,908.789978,981.2600098
1227.199951,923.2999878,977.5100098
1209.73999,921.9000244,967.3900146
1219.089966,923.2800293,975.3900146
1230.030029,909.9099731,979.3900146
1226.829956,926.460022,979.3900146
1244.199951,922.8400269,969.5100098
1231.819946,918.1900024,981.2600098
1239.140015,929.5999756,973.2600098
1235.23999,912.8099976,965.2600098
1237.140015,933.1799927,979.3900146
1238.310059,934.9899902,985.2600098
1231.599976,728.1199951,977.2600098
1224.51001,1012.440002,975.3900146
1217.170044,1200.599976,961.2600098
1245.219971,1179.130005,975.3900146
1225.369995,1179.439941,979.3900146
1230.459961,1156.810059,973.2600098
1244.660034,1216.140015,995.3900146
1220.719971,1256.209961,991.3900146
1251.569946,1233.22998,975.3900146
1226.800049,1225.930054,991.6400146
1235.939941,1225.579956,983.3900146
1238.839966,1216.339966,979.3900146
1219.780029,1243.569946,973.5100098
1232.060059,1044.349976,975.3900146
1217.540039,1044.719971,975.3900146
1231.030029,1078.969971,995.3900146
1215.51001,1045.619995,989.5100098
1238.900024,922.0900269,967.3900146
1230.640015,936.5499878,987.3900146
1210.170044,920.8300171,965.5100098
1241.76001,923.210022,959.3900146
1210.5,945.5100098,985.2600098
1232.540039,939.9099731,981.5100098
1239.670044,932.8599854,975.3900146
1246.540039,937.4099731,977.5100098
1228.920044,937.3800049,965.5100098
1221.449951,942.5999756,985.5100098
1257.060059,945.3699951,973.5100098
1244.829956,922.6400146,975.3900146
1261.380005,939.8300171,981.5100098
1255.209961,933.25,993.5100098
1250.050049,939.5900269,981.5100098
1243.439941,927.3400269,987.3900146
1248.449951,918.1300049,989.5100098
1259.810059,928.8200073,969.5100098
1236.329956,872.0800171,995.3900146
1236.619995,460.3099976,999.3900146
1222.060059,459.980011,989.5100098
1235.459961,685.5,987.3900146
1237.579956,667.4699707,981.2600098
1226.47998,724.6099854,969.5100098
1229.400024,772.7000122,975.3900146
1236.599976,879.4000244,973.5100098
1238.209961,914.0100098,987.1400146
1226.829956,889.5599976,989.5100098
1231.560059,911.6199951,971.3900146
1237.640015,938.4899902,983.3900146
1233.800049,897.8099976,997.5100098
1239.599976,922.1900024,985.5100098
1225.130005,895.039978,961.5100098
1234.829956,938,983.3900146
1224.51001,518.0200195,983.3900146
1254.420044,711.7299805,985.5100098
1231.410034,455.3800049,975.3900146
1222.319946,458.5899963,983.3900146
1240.170044,452.7999878,969.2600098
1219.170044,469.1600037,987.3900146
1226.47998,454.6400146,979.3900146
1226.410034,453.3099976,997.2600098
1216.119995,448.7200012,965.2600098
1224.599976,451.5799866,997.5100098
1217.579956,472.5799866,973.5100098
1232.300049,467.4700012,981.5100098
1234.47998,709.2299805,985.5100098
1226.869995,449.8200073,949.5100098
1224.780029,462.2999878,1005.51001
1220.050049,456.2099915,985.5100098
1227.540039,463.1300049,977.5100098
1238.949951,457.019989,971.3900146
1226.849976,460.1199951,991.3900146
1235.76001,465.6600037,983.3900146
1233.319946,458.2099915,997.5100098
1220.349976,455.269989,951.3900146
1217.390015,465.8599854,977.5100098
1242.319946,463.0599976,991.3900146
1210.369995,895.5100098,989.5100098
1224.670044,950.5700073,993.5100098
1246.839966,869.4299927,987.3900146
1218.930054,956.5499878,635.3900146
1226.630005,948.0200195,685.5100098
1245.810059,951.6699829,945.5100098
1234.829956,659.2299805,935.3900146
1208.949951,452.980011,963.3900146
1228.920044,989.7299805,963.3900146
1211.810059,992.6199951,917.5100098
1228.73999,853.9299927,959.3900146
1235.76001,665.8699951,929.5100098
1240.76001,853.6400146,931.3900146
1235.459961,964.6199951,939.3900146
1223.48999,978.6699829,931.3900146
1226.959961,990.4099731,927.3900146
1210.280029,984.75,945.5100098
1212.109985,992.4199829,939.3900146
1221.27002,997.4199829,939.3900146
1227.589966,990.4299927,935.3900146
1214.209961,999.5200195,919.3900146
1221.119995,1092.400024,923.3900146
1226.410034,1034.170044,953.2600098
1227.349976,1029.640015,949.2600098
1212.829956,1000.320007,933.5100098
1236.719971,1019.51001,931.3900146
1221.01001,1001.049988,951.3900146
1231.98999,1005.23999,943.3900146
1233.099976,1013.289978,903.3900146
1217.02002,1007.429993,945.5100098
1224.859985,1023.47998,927.3900146
1212.130005,1014.299988,921.2600098
1231.380005,1019.799988,923.3900146
1230.469971,1015.77002,951.3900146
1223.949951,1005.289978,933.5100098
1216.060059,1013.719971,943.3900146
1218.630005,1017.030029,917.5100098
1222.469971,1028.23999,935.3900146
1227.810059,1014.090027,943.3900146
1210.939941,1013.530029,917.5100098
1215.160034,1012.049988,955.3900146
1224.839966,1025.390015,893.5100098
1208.119995,1033.52002,939.3900146
1209.099976,1019.210022,939.3900146
1218.959961,1020.98999,971.3900146
1219.290039,1031.189941,945.5100098
1214.119995,1009.22998,929.5100098
1193.209961,1027.069946,935.3900146
1221.98999,1020.98999,933.5100098
1222.859985,1023.700012,951.3900146
1236.77002,1018.179993,939.3900146
1221.949951,1018.799988,919.3900146
1239.930054,1014.929993,981.5100098
1215.540039,1029.329956,931.3900146
1233.089966,1021.929993,969.5100098
1208.52002,1005.450012,953.5100098
1218.219971,1047.650024,961.5100098
1217.130005,1025.189941,959.3900146
1224.670044,1027.550049,951.3900146
1221.819946,1025.650024,937.5100098
726.2700195,1034.939941,913.5100098
980.4199829,1033.189941,947.3900146
1175.449951,1024.579956,931.3900146
1200.150024,1020.869995,935.6400146
1209.930054,1027.439941,943.3900146
1215.22998,1053.530029,953.5100098
1239.25,1001.880005,955.3900146
1223.400024,1034.089966,963.3900146
1221.640015,1021.580017,971.3900146
1238.140015,1070.709961,951.3900146
1227,1024.839966,939.3900146
1219.02002,1020.01001,959.3900146
1209,1035.680054,941.5100098
1211.219971,1024.689941,943.3900146
1225.060059,1039.880005,943.3900146
1237.939941,1004.919983,977.5100098
1224.339966,987.9400024,977.5100098
1224.689941,974.8699951,957.5100098
1243.439941,981.5,957.5100098
1221.420044,986.1500244,933.2600098
1221.699951,986.7999878,933.2600098
1239.22998,986.3400269,937.5100098
1227.52002,967.1199951,937.5100098
1230.660034,995.7199707,923.3900146
1235.829956,1000.72998,923.3900146
1243.26001,981.3699951,961.5100098
1217.930054,992.1400146,961.5100098
1240.040039,968.9199829,941.5100098
1254.420044,974.6799927,941.5100098
1232.599976,996.2399902,949.5100098
1229.290039,988.6099854,949.5100098
1220.369995,988.5700073,955.3900146
1242.73999,977.4199829,955.3900146
1208.969971,983.2600098,931.6400146
1220.75,982.4299927,931.6400146
1202.369995,982.8400269,925.5100098
1213.550049,990.2700195,925.5100098
1198.859985,977.3800049,935.3900146
1187.439941,976.8599854,935.3900146
1195.5,980.0300293,929.2600098
1197.709961,976.6500244,929.2600098
1223.01001,975.8599854,981.5100098
1221.25,981.7199707,981.5100098
1191.910034,987.6300049,963.3900146
1222.030029,981.8200073,963.3900146
1190.75,952.3200073,939.3900146
1210.369995,966.9400024,939.3900146
1207.800049,956.9299927,951.3900146
739.4799805,986.5200195,951.3900146
697.8800049,1000.289978,941.5100098
734.0900269,984.6500244,941.5100098
426.5700073,975.289978,973.5100098
948.25,979.2800293,973.5100098
977.6300049,981.7800293,921.5100098
984.8499756,975.1099854,921.5100098
1007.960022,979.2000122,919.3900146
988.0200195,971.2000122,919.3900146
1005.090027,969.1599731,955.3900146
1211.829956,986.3800049,955.3900146
1244.73999,983.3800049,917.5100098
1097.150024,987.6699829,917.5100098
1145.079956,978.1400146,935.3900146
722.8400269,991.7000122,935.3900146
982,989.5999756,971.3900146
1164.589966,991.6699829,971.3900146
1152.469971,979.539978,893.5100098
1177.579956,980.7199707,893.5100098
1191.109985,971.0599976,943.3900146
1178.47998,983.6900024,943.3900146
1179.050049,979.6500244,963.3900146
1215.910034,955.460022,963.3900146
1176.97998,988.4099731,949.2600098
1185.089966,989.1400146,949.2600098
1175.709961,968.8699951,939.3900146
1193.810059,967.4299927,939.3900146
1185.52002,1008.719971,923.3900146
1215.150024,995.0900269,923.3900146
1206.650024,982.7700195,959.3900146
1205.25,979.7700195,959.3900146
1204.349976,991.0599976,959.3900146
1184.079956,989.7000122,959.3900146
1209.5,981.8400269,963.3900146
1203.680054,987.5200195,963.3900146
1207.280029,979.9400024,963.3900146
1189.22998,968.8900146,963.3900146
1209.130005,1003.059998,955.3900146
1201.130005,985.9199829,955.3900146
1223.48999,993.8599854,935.3900146
1203.829956,988.710022,935.3900146
1192.780029,983.5999756,961.2600098
1192.449951,992.3900146,961.2600098
1201.609985,1000.299988,937.2600098
1198.819946,998.6699829,937.2600098
1207.300049,998.5599976,945.2600098
1189.51001,968.2800293,945.2600098
1180.069946,994.039978,933.5100098
1181.030029,988.9500122,933.5100098
1160.949951,993.9799805,947.3900146
1199.339966,975.6699829,947.3900146
1192.560059,987.5100098,951.3900146
1181.22998,983.8800049,951.3900146
1190.800049,995.6300049,947.3900146
1194,992.9699707,947.3900146
1178.719971,978.4199829,933.5100098
1176.079956,969.1699829,933.5100098
1168.949951,980.5300293,937.5100098
1202.52002,1016.030029,937.5100098
1194.26001,975.2299805,957.5100098
1187.199951,991.8599854,957.5100098
1196.160034,997.7399902,943.3900146
1189.77002,972.039978,943.3900146
1183.949951,946.3900146,935.3900146
1196.969971,998.1099854,935.3900146
1205.98999,966.0499878,957.5100098
1200.76001,957.0300293,957.5100098
1205.310059,987.9699707,949.5100098
1209.550049,991.5900269,949.5100098
1212.900024,977.4500122,949.5100098
1205.119995,980.4500122,949.5100098
1202.900024,976.5900269,955.3900146
1216.280029,977.7299805,955.3900146
1219.550049,949.2000122,963.3900146
1212.949951,961.3300171,963.3900146
1187.810059,995.4099731,951.3900146
1212.709961,965.9000244,951.3900146
1208.109985,980.5900269,939.3900146
1218.219971,999.4000244,939.3900146
1221.709961,957.9199829,939.3900146
1193.810059,970.3800049,939.3900146
1201.069946,992.5700073,951.3900146
1217.589966,985.6500244,951.3900146
1193.920044,979.1599731,953.2600098
1215.150024,992.8599854,953.2600098
1214.930054,939.1199951,953.5100098
1204.579956,968.9099731,953.5100098
1202.810059,927.710022,929.5100098
1210.609985,940.1900024,929.5100098
1204.599976,941.2299805,955.3900146
1211.599976,939.8499756,955.3900146
1209.569946,936.1799927,955.3900146
1208.02002,936.5200195,955.3900146
1213.51001,948.2000122,953.5100098
1207.060059,955.4500122,953.5100098
1215.079956,951.210022,979.3900146
1192.079956,937.4500122,979.3900146
1202.380005,945.1099854,955.3900146
1212.619995,944.8400269,955.3900146
1196.699951,931.4099731,967.3900146
1222.709961,931.3599854,967.3900146
1205.540039,919.4099731,971.3900146
1212.310059,922.5300293,971.3900146
1209.920044,919.2199707,995.3900146
1202.329956,907.289978,995.3900146
1206.819946,900.3599854,999.3900146
1211.069946,910.4099731,999.3900146
1210.790039,904.8900146,995.3900146
1211.680054,903.5900269,995.3900146
1214.189941,898.4500122,1003.390015
1207.26001,903.3499756,1003.390015
1205.579956,906.9799805,953.5100098
1209.609985,911.039978,953.5100098
1213.030029,896.5,979.3900146
1215.869995,914.9000244,979.3900146
1212.969971,918.4500122,979.3900146
1216.079956,918.2399902,979.3900146
1200.959961,949.7800293,975.3900146
1218.530029,924.3499756,975.3900146
1205.969971,915.8400269,977.5100098
1210.050049,912.5700073,977.5100098
1204.420044,923.8900146,959.3900146
1203.589966,1034.569946,959.3900146
1202.589966,1029.060059,949.2600098
1222.410034,1026.329956,949.2600098
1205.25,1023.570007,935.3900146
1214.430054,1020.640015,935.3900146
1211.660034,1026.199951,951.3900146
1221.030029,1036.119995,951.3900146
1223.390015,1031.170044,983.3900146
1201.97998,1036.119995,983.3900146
1201.219971,1040.76001,989.2600098
1213.77002,1035.089966,989.2600098
1213.099976,1042.180054,953.5100098
1214.150024,1040.630005,953.5100098
1210.76001,1036.810059,967.1400146
1196.310059,1029.969971,967.1400146
1227.23999,1038.650024,975.3900146
1239.5,1033.23999,975.3900146
1224.719971,1046.119995,961.2600098
1224.959961,1035.01001,961.2600098
1229.880005,1038.949951,951.3900146
1226.530029,1034.050049,951.3900146
1208.349976,1034.050049,945.2600098
1214.98999,1047.670044,945.2600098
1219.199951,1036.900024,967.3900146
1229.579956,1032.810059,967.3900146
1218.880005,1037.75,993.2600098
1205.209961,1036.160034,993.2600098
1221.290039,1037.800049,957.2600098
1208.540039,1036.160034,957.2600098
1222.430054,1040,947.3900146
1208.23999,1038.27002,947.3900146
1201.150024,976.8300171,953.2600098
1212.140015,974.1799927,953.2600098
1207.410034,968.5599976,965.2600098
1198.040039,963.1699829,965.2600098
1218.920044,959.710022,955.3900146
1218.699951,955.75,955.3900146
1208.829956,953.9899902,953.2600098
1222.410034,962.4899902,953.2600098
1210.76001,967.5800171,999.3900146
1194.109985,981.289978,999.3900146
1215.910034,954.6199951,985.2600098
1204.880005,980.2600098,985.2600098
1209.069946,960.9899902,925.2600098
1202.589966,951.960022,925.2600098
1203.400024,998.5900269,971.3900146
1222.650024,997.75,971.3900146
1203.810059,996.5,973.2600098
1210.630005,979,973.2600098
1219.810059,975.5499878,951.1400146
1214.319946,977.2700195,951.1400146
1218.26001,985.3400269,981.2600098
1214.589966,986.460022,981.2600098
1241.699951,978.7700195,959.3900146
1228.709961,982.4799805,959.3900146
1235.069946,981.8400269,1038.780029
1224.699951,977.8400269,1038.780029
1227.75,978.1500244,989.2600098
1223.390015,977.2299805,989.2600098
1243.540039,972.4899902,991.1400146
1231.650024,970.6300049,991.1400146
1237.579956,991.4299927,997.2600098
1221.400024,976.6599731,997.2600098
1220.599976,978.789978,1038.780029
1229.72998,986.5300293,1038.780029
1225.810059,963.7000122,1021.26001
1217.97998,985.6599731,1021.26001
1231.430054,983.4400024,1046.780029
1250.109985,983.4299927,1046.780029
1232.780029,960.7800293,885.5100098
1222.189941,981.5999756,885.5100098
1211.359985,959.1300049,1038.27002
1222.800049,982.7000122,1038.27002
1225.089966,966.7600098,1015.390015
1221.969971,974.289978,1015.390015
1225.26001,986.3599854,869.2600098
1205.969971,968.4699707,869.2600098
1220.140015,982.4400024,893.2600098
1224,978.2199707,893.2600098
1215.300049,981.1699829,1046.780029
1219.310059,980.9699707,1046.780029
1216.02002,886.7999878,873.2600098
1223.819946,876.5200195,887.3900146
1208.73999,895.2800293,879.3900146
1234.589966,902.6199951,883.3900146
1234.589966,878.2000122,871.3900146
1231.209961,891.4000244,881.5100098
1231.040039,886.8499756,875.3900146
1247.430054,877.0200195,883.3900146
1226.959961,876.1099854,877.2600098
1212.920044,889.789978,897.2600098
1226.310059,908.3599854,903.3900146
1209.130005,893.1199951,905.2600098
1234.920044,892.9000244,989.2600098
1237.949951,911.4500122,943.3900146
1220.030029,896.7199707,945.2600098
1235.969971,910.3200073,931.3900146
1212.51001,916.7199707,933.2600098
1221.030029,905.2700195,935.3900146
1224.23999,900.9500122,917.2600098
1220.51001,898.2199707,913.2600098
1217.670044,913.0599976,901.2600098
1206.040039,916.8699951,909.2600098
1235.880005,902.0599976,921.2600098
1235.380005,906.5300293,883.3900146
1223.469971,913.25,909.2600098
1241.390015,906.7999878,921.2600098
1233.890015,902.7999878,923.1400146
1238.189941,915.3300171,901.2600098
1227.530029,911.0700073,893.2600098
1206.430054,911.1199951,915.1400146
1230.880005,905.4799805,909.2600098
1239.949951,909.1300049,937.2600098
1206.189941,894.1900024,917.2600098
1215.800049,905.4799805,891.1400146
1185.060059,911.7800293,923.1400146
1213.01001,798.5100098,901.2600098
1218.660034,810.1199951,923.1400146
1205.25,827.8699951,903.1400146
1215.410034,832.5100098,913.0100098
1205.900024,816.1400146,881.2600098
1198.839966,813.4899902,907.1400146
1178.130005,834.8099976,891.1400146
1151.76001,827.7199707,901.2600098
960.1300049,833.0499878,899.1400146
953.710022,828.9500122,891.1400146
971.6300049,844.7199707,883.1400146
969.1900024,839.7199707,899.1400146
934.75,840.6099854,869.2600098
648.289978,842.0900269,883.1400146
677.5900269,843.0499878,879.1400146
682.5200195,845.25,897.2600098
693.9099731,829.6699829,799.3900146
684.6099854,838.5,871.3900146
680.9899902,855.7999878,873.2600098
683.9899902,831.2199707,891.1400146
676.4500122,838.9500122,879.1400146
683.4099731,827.6300049,881.2600098
680.6500244,813.8699951,863.1400146
701.0100098,804.6400146,861.2600098
707.3699951,803.8699951,861.2600098
695.539978,798.539978,863.1400146
685.5999756,814.5700073,869.2600098
695.1099854,796.710022,873.2600098
700.4500122,811.1900024,859.1400146
693.710022,692.039978,885.2600098
694.5300293,714.2999878,817.2600098
692.7600098,671.0300293,843.1400146
695.6199951,738.8800049,849.2600098
696.4000244,731.6400146,853.2600098
708.8599854,817.2700195,851.1400146
684.4500122,973.1500244,841.2600098
687.3400269,1003.210022,843.1400146
701.1199951,1011.780029,859.1400146
688.5200195,1004.700012,839.1400146
693.4899902,1014.140015,839.1400146
715.3200073,1015.109985,869.2600098
699.4000244,1004.400024,847.1400146
695.5,1041.97998,839.1400146
700.539978,1019.080017,897.2600098
707.4699707,999.5999756,911.1400146
695.4299927,995.75,911.1400146
706.6799927,994.1199951,901.2600098
701.0100098,1013.099976,897.2600098
700.3900146,1006.26001,909.2600098
704.5100098,995.3499756,899.1400146
707.7700195,1003.210022,895.1400146
701.8699951,984.6199951,901.2600098
699.6099854,1005.640015,893.2600098
676.6400146,1009.309998,899.1400146
690.2800293,1002.640015,919.3900146
685.4899902,1002.359985,909.2600098
698.8400269,998.0300293,905.2600098
694.25,1001.530029,899.1400146
681.2600098,994.6400146,853.2600098
698.5499878,991.4099731,857.2600098
711.8400269,991.2399902,915.1400146
705.0200195,989.9099731,907.1400146
680.25,997.0300293,907.1400146
709.9699707,1016.030029,871.1400146
693.0599976,1017.409973,865.0100098
703.710022,1020.419983,633.2600098
701.9400024,1017.349976,667.1400146
719.4699707,997.7199707,637.0100098
702.8599854,990.9699707,657.0100098
697.4699707,988.2299805,659.1400146
711.3200073,995.960022,430.5
705.6400146,995.25,881.2600098
711.7999878,1000.840027,983.1400146
703.5900269,1003.98999,991.1400146
700.8200073,990.9699707,963.1400146
697.8300171,990.6300049,759.1400146
697.3599854,986.6699829,769.2600098
700.9799805,989.7199707,861.0100098
708.9099731,974.3200073,1009.01001
702.8599854,957.789978,1002.880005
702.1599731,975.6599731,1017.01001
719.9799805,998.6300049,1066.02002
703.5999756,988.2000122,1067.030029
705.6199951,996.5300293,810.8800049
702.8800049,1004.390015,866.8800049
702.6500244,996.5900269,865.0100098
690.0999756,976.1599731,855.1400146
704.3200073,975.9199829,878.8800049
695.3400269,981.6099854,825.0100098
710.2399902,977.3200073,873.0100098
701.7800293,985.3099976,749.0100098
716.5700073,1019.780029,810.8800049
707.8900146,1044.839966,839.1400146
706.0800171,1034.160034,845.0100098
707,1036.660034,861.0100098
692.4400024,1027.359985,851.1400146
696.2800293,1026.439941,827.1400146
685.4699707,1067.619995,486.5
700.6599731,1053.069946,707.1400146
693.7800293,1049.849976,851.1400146
705.1300049,1035.619995,861.2600098
